package,revdeps
abc,4
abc.data,1
abd,1
abind,166
accelerometry,2
ACDm,1
acepack,2
acnr,1
acs,2
acss.data,1
actuar,16
ada,7
adabag,2
adagio,1
AdaptGauss,2
adaptiveGPCA,1
adaptivetau,2
adaptMCMC,4
additivityTests,1
ade4,59
adegenet,13
adegraphics,4
adehabitatHR,4
adehabitatLT,3
adehabitatMA,5
adephylo,5
AdequacyModel,3
adespatial,1
ADGofTest,9
AdhereR,1
adimpro,2
adiv,1
adlift,5
admisc,4
advclust,1
AER,13
afex,5
aftgee,1
agop,1
AGread,2
agricolae,8
ahaz,4
AhoCorasickTrie,1
AICcmodavg,4
AIM,1
airGR,2
airports,1
airr,1
akima,1
alabama,20
alakazam,5
ald,6
ALDqr,1
alfred,1
AlgDesign,10
alluvial,2
alphahull,3
alphashape3d,1
alphavantager,1
amap,6
Amelia,3
amerika,3
AMORE,1
analogue,3
AnalyzeFMRI,1
anapuce,1
Andromeda,1
animation,21
anMC,1
anocva,1
antaresProcessing,1
antaresRead,3
Anthropometry,2
antitrust,2
antiword,2
anytime,14
aod,11
aoos,2
apcluster,5
ape,210
apexcharter,1
APfun,2
aphid,3
aplpack,1
approximator,1
APSIM,1
apTreeshape,3
aqp,4
ArchaeoPhases,2
archetypes,2
archivist,3
argon2,1
argonDash,1
argonR,2
argosfilter,1
ArgumentCheck,2
ari,1
arkdb,1
arkhe,1
arm,23
aroma.affymetrix,1
aroma.apd,1
aroma.core,4
Arothron,1
arpr,1
arrangements,5
arrayhelpers,5
ars,4
arsenal,1
arules,24
arulesViz,2
aRxiv,1
ash,5
ashr,2
asht,1
AsioHeaders,1
askpass,10
aspace,2
aSPU,1
assertable,1
assertive,5
assertive.base,19
assertive.code,1
assertive.data,1
assertive.data.uk,1
assertive.data.us,1
assertive.datetimes,1
assertive.files,3
assertive.matrices,1
assertive.models,1
assertive.numbers,3
assertive.properties,6
assertive.reflection,1
assertive.sets,3
assertive.strings,5
assertive.types,8
assertr,2
assertthat,226
aster,2
aster2,1
astroFns,1
astsa,4
AtmRay,1
attempt,10
AUC,7
aucm,2
audio,7
auditor,2
autocogs,1
autoimage,1
automap,7
autothresholdr,2
av,1
available,1
aweek,1
AWR,2
aws,3
aws.signature,10
awsMethods,4
AzureAuth,5
AzureCognitive,1
AzureGraph,3
AzureRMR,9
AzureStor,2
babelwhale,1
babynames,2
backports,29
badger,1
bain,2
bamlss,1
BAMMtools,1
barcode,1
barsurf,2
BART,3
bartMachine,3
bartMachineJARs,1
base64,3
base64enc,85
base64url,6
basefun,6
baseline,6
BASIX,1
BAT,1
BatchExperiments,1
BatchJobs,3
batchmeans,2
batchtools,2
bayesDP,1
BayesFactor,7
BayesGOF,1
bayesLife,1
BayesLogit,3
bayesm,8
bayesmix,1
bayesplot,20
bayesQR,1
bayestestR,11
bayesTFR,2
BayesTree,1
BayesXsrc,1
bazar,3
BB,29
BBmisc,34
bbmle,14
bbotk,1
bcaboot,2
BCBCSF,1
BcDiag,1
BCEA,1
Bchron,2
bcp,2
bcpa,1
bcv,1
bdchecks,1
bdDwC,2
bde,2
BDgraph,4
bdsmatrix,9
beanplot,2
beautier,1
BEDMatrix,1
bedr,1
beepr,3
beeswarm,5
beginr,1
behavr,5
bench,1
Benchmarking,5
benchmarkme,1
benchmarkmeData,1
benthos,1
berryFunctions,4
Bessel,4
bestglm,3
betapart,2
betareg,14
bezier,1
bfast,1
BFpack,1
BGLR,4
bgmm,1
BHH2,1
BiasedUrn,11
BiBitR,1
bibtex,5
biclust,8
BiDAG,1
biganalytics,2
bigassertr,7
BIGDAWG,2
BIGL,1
biglm,4
bigmemory,27
bigmemory.sri,2
bigparallelr,3
BigQuic,1
bigreadr,2
bigrquery,1
bigsnpr,1
bigsparser,1
bigsplines,1
bigstatsr,3
bigutilsr,2
BigVAR,1
billboarder,1
BimodalIndex,1
binaryLogic,5
bindata,5
bindr,1
binhf,1
binman,2
BinNonNor,1
binom,11
BinOrdNonNor,3
binr,2
bio.infer,1
bio3d,6
BiocManager,10
BiodiversityR,1
biogram,2
bioimagetools,1
bioinactivation,1
BIOM.utils,1
biomod2,2
Bios2cor,1
BioStatR,1
bipartite,2
birk,1
bit,10
bit64,28
bitops,31
bizdays,1
blackbox,1
BlakerCI,1
blastula,1
blavaan,2
blme,2
blob,7
blockmatrix,1
blockmodeling,1
blockmodels,3
blocksdesign,1
blogdown,3
BMA,5
BMisc,4
bmp,5
BMRBr,1
BMS,3
bnlearn,25
bnstruct,1
bnviewer,1
boa,1
boilerpipeR,1
BOIN,1
bold,1
Bolstad2,4
bookdown,16
bookdownplus,3
BoolNet,1
Boom,4
BoomSpikeSlab,1
boot,225
boot.heterogeneity,1
BootMRMR,1
bootstrap,9
Boruta,3
bpcp,2
braidrm,1
brainGraph,1
brainR,2
breakDown,2
brew,16
brglm,5
brglm2,1
bridgesampling,6
brms,3
brnn,3
Brobdingnag,8
broom,87
broom.mixed,5
broomExtra,4
brotli,3
BSDA,2
bspec,2
bsplus,5
bst,2
bsts,3
btergm,1
BTYD,1
bupaR,10
BurStFin,1
butcher,1
bvarsv,1
bvls,1
BWStest,1
c060,1
c3net,2
C50,7
ca,8
Cairo,13
cairoDevice,5
calibrate,10
calibrator,1
callr,28
candisc,1
caper,5
capushe,8
car,150
CARBayesdata,2
carData,5
CARE1,1
caret,105
caroline,1
carrier,1
cartography,1
Cascade,1
castor,2
cat,1
catdata,1
cate,1
CatEncoders,1
caTools,31
catR,1
CausalImpact,1
cba,1
CBPS,1
CCA,3
CCAGFA,1
ccaPP,1
cccd,1
cccp,2
ccdrAlgorithm,1
cclust,2
CCP,1
cctools,1
cdata,1
CDM,8
cdom,1
cds,1
CDVine,1
celestial,3
cellranger,7
cellWise,2
cem,1
censReg,2
censusapi,1
centiserve,1
cents,1
CEoptim,1
cgdsr,1
CGE,1
chandwich,2
changepoint,20
changepoint.np,1
ChannelAttribution,1
Chaos01,1
checkmate,143
ChemoSpecUtils,2
cherry,1
cherryblossom,1
chillR,1
chipPCR,2
chk,15
chngpt,1
CHNOSZ,4
CholWishart,3
choroplethr,2
choroplethrMaps,1
chron,40
CIFsmry,1
cinterpolate,1
circlize,22
CircStats,14
circular,22
ciTools,1
citr,1
ckanr,2
Ckmeans.1d.dp,2
Claddis,1
clarkeTest,1
class,56
ClassComparison,1
ClassDiscovery,5
classInt,27
cld2,1
cleaner,1
cleangeo,1
cli,97
cliapp,1
ClickClust,1
climatol,1
climatrends,1
clime,3
ClimProjDiags,3
clinfun,8
clipr,18
clisymbols,13
clordr,1
clpAPI,1
clue,29
cluster,173
clusterCrit,4
clusterGeneration,4
ClusterR,6
clusterSim,5
clusteval,3
clustMixType,1
ClustOfVar,3
clv,4
clValid,4
cmaes,2
CMLS,1
cmm,1
cmna,1
cmocean,1
cmprsk,14
cmrutils,1
cna,1
CNLTreg,2
coarseDataTools,1
cobalt,1
cobs,5
coca,1
COCONUT,1
cocor,2
coda,287
cOde,2
CodeDepends,3
codetools,21
coefplot,2
coenocliner,1
coin,20
cointReg,1
collapsibleTree,2
collectArgs,1
collections,1
collUtils,1
colordistance,1
colorRamps,15
colorspace,103
colorSpec,2
colourpicker,26
colourvalues,2
colt,1
comat,1
combinat,52
CombMSC,2
ComICS,1
CommonJavaJars,2
commonmark,8
commonsMath,4
compare,6
CompareCausalNetworks,1
comperes,1
complexplus,2
COMPoissonReg,1
compositions,5
compound.Cox,2
CompQuadForm,29
CompRandFld,1
compute.es,1
concaveman,2
conclust,1
cond,1
CondIndTests,1
conditionz,3
condSURV,1
coneproj,9
conf.design,5
config,15
configr,1
conicfit,2
conquer,1
constrainedKriging,1
ContaminatedMixt,1
contfrac,1
conting,1
coop,2
copBasic,2
copula,46
cordillera,1
CORElearn,5
coreSim,1
cornet,2
corpcor,99
corpus,2
correlation,2
corrgram,5
corrplot,39
corrr,1
CorrToolBox,1
cosinor,2
cosinor2,1
COUNT,1
countrycode,14
covr,8
cowplot,66
cowsay,3
coxme,8
coxphf,1
coxrobust,1
cp4p,1
CPE,1
cplm,3
cpm,1
cptcity,1
cranlogs,5
crawl,1
crayon,178
crch,1
credentials,2
crminer,1
crochet,3
crossdes,5
crossmatch,1
crosstalk,9
crossval,1
crqa,1
crs,1
crsmeta,5
CRTgeeDR,1
crul,68
crunch,2
cstab,1
csv,3
ctgt,1
ctmm,1
ctsem,1
CTT,6
CUB,1
cubature,44
cubelyr,1
cubfits,1
Cubist,4
curl,208
cutoff,1
cvAUC,2
CVST,2
cvTools,12
CVXR,4
cwbtools,1
cyclocomp,2
CytobankAPI,2
d3Network,1
d3r,2
dabestr,1
dae,4
daewr,1
dagitty,2
DAISIE,1
DALEX,11
dapr,1
dashCoreComponents,1
dashHtmlComponents,1
dashTable,1
dat,2
data.table,766
data.tree,27
DatabaseConnectorJars,1
DataCombine,4
dataone,1
datapack,1
dataRetrieval,5
DataVisualizations,2
date,9
datetimeutils,2
daymetr,1
dbarts,2
dbEmpLikeGOF,1
DBI,139
dbplyr,29
dbscan,13
dclone,3
DCluster,1
dcmle,2
dcurver,1
ddalpha,2
DDD,5
ddiv,1
DDoutlier,1
ddpcr,1
ddst,1
debugme,3
decido,2
DeclareDesign,1
decoder,1
decomposedPSF,1
decompr,1
decon,2
Deducer,6
deepnet,1
deldir,28
deltaPlotR,2
demography,3
dendextend,18
dendroextras,3
DendSer,1
denoiseR,1
denpro,2
densratio,1
denstrip,1
DEoptim,24
DEoptimR,4
depth,4
DepthProc,1
depthTools,4
Deriv,14
desc,29
descr,1
DescTools,24
DescToolsAddIns,1
desirability,1
deSolve,89
details,2
detrendr,1
devEMF,6
devFunc,1
devtools,64
dexter,2
dfcrm,5
dfidx,1
dfoptim,8
dga,1
dglm,3
dgof,2
DHARMa,2
dHSIC,2
diagis,1
diagonals,1
diagram,11
DiagrammeR,32
DiagrammeRsvg,6
dialrjars,1
dials,8
DiceDesign,9
DiceEval,1
DiceKriging,17
dichromat,3
dielectric,1
diffeR,1
diffobj,4
diffr,1
diffrprojects,1
difNLR,1
difR,1
digest,230
DIME,1
dimensionsR,1
dimRed,1
dint,1
DiPs,1
dipsaus,1
diptest,13
directlabels,13
dirmult,5
disclap,1
discretecdAlgorithm,1
DiscreteFDR,1
discreteRV,1
DiscreteWeibull,2
discretization,5
DiscriMiner,2
dismo,17
distances,7
distcrete,2
distillery,2
distory,2
distr,22
distr6,1
distrEx,12
DISTRIB,3
distributional,3
DistributionUtils,6
distrMod,6
distrom,1
distrSim,3
distrTeach,1
distrTEst,1
diversitree,1
diveRsity,2
dlm,3
DLMtool,1
dlnm,1
dlookr,1
dlstats,1
DMwR,5
dnet,1
do,6
doBy,10
dockerfiler,1
docopt,5
docxtractr,1
DoE.base,10
DoE.wrapper,2
doFuture,4
doMPI,1
doParallel,390
doRNG,26
DOS2,1
DoseFinding,7
doSNOW,26
dotCall64,1
downloader,21
dparser,1
dplR,7
dplyr,1696
DPQ,1
dqrng,1
dr,3
drat,1
drc,11
dreamerr,2
drgee,2
drifter,1
DRR,1
dse,2
DSI,2
DSL,1
DT,126
dtplyr,2
dtt,3
dttr2,1
dtw,14
DTWBI,1
dualtrees,1
dummies,9
dummy,1
dunn.test,2
dvmisc,4
DWreg,1
dygraphs,21
dynamicTreeCut,8
dynlm,4
dynparam,1
dynpred,1
DynTxRegime,1
dynutils,7
dynwrap,1
DysPIAData,1
e1071,156
earth,8
EasyABC,2
easyalluvial,1
easycsv,1
easyNCDF,1
EbayesThresh,6
ecd,1
Ecdat,3
ecespa,1
Ecfun,1
echarts4r,1
ecodist,8
EcoHydRology,3
ECoL,1
ECOSolveR,3
ecospat,1
EcoVirtual,1
ecp,3
ecr,2
eda4treeR,1
edeaR,4
edfReader,1
edgebundleR,1
EDISON,1
editData,2
editrules,2
eegkitdata,1
eemR,1
eeptools,1
EFA.MRFA,1
effects,6
effectsize,7
EffectsRelBaseline,1
effsize,6
egg,5
EGRET,1
eha,6
eigenmodel,1
eiPack,1
elasticnet,15
elec,1
elevatr,1
ellipse,39
ellipsis,21
elliptic,2
EMCluster,1
EMD,2
emdbook,5
emdist,2
emg,2
EmiStatR,1
EML,2
emld,1
emmeans,15
emoa,5
emojifont,1
emplik,8
EMT,1
emulator,8
enc,1
encode,5
energy,17
energyr,1
english,3
ENMeval,3
enrichwith,2
EnsembleBase,3
ensembleBMA,1
ensurer,1
entropart,2
entropy,21
EntropyEstimation,1
enviGCMS,1
enviPat,2
enviPick,2
EnvStats,10
Epi,8
epicontacts,1
epiDisplay,3
EpiEstim,1
epiR,6
epitools,8
epitrix,1
eplusr,1
EQL,1
equate,2
equateIRT,2
equivalence,1
equSA,2
erah,1
ercv,1
erer,1
ergm,22
ergm.count,1
eRm,3
err,1
errors,1
esaBcv,1
escalation,1
esquisse,2
esreg,1
ess,1
estimability,3
estimatr,4
estmeansd,1
etl,1
etm,2
etrunct,1
eurostat,2
EvalEst,1
evaluate,11
evaluator,1
EValue,1
Evapotranspiration,1
evd,33
eventdataR,2
EventDetectR,1
evgam,1
evir,5
evmix,2
Evomorph,1
evtree,2
Exact,2
exact2x2,2
exactci,3
exactextractr,2
exactRankTests,2
exams,2
exifr,1
expint,4
explor,1
expm,62
ExPosition,5
expsmooth,2
expss,1
extraDistr,17
extrafont,16
extrafontdb,1
extraoperators,2
extras,4
extRemes,3
extremevalues,2
ez,8
ezsim,1
fable,1
fabletools,4
fabMix,1
fabricatr,2
face,1
FactoClass,3
factoextra,12
FactoInvestigate,1
FactoMineR,35
FAdist,2
fame,1
Familias,3
famSKATRC,1
FAMT,1
fANCOVA,3
fanplot,2
fansi,7
far,2
faraway,2
farver,7
fAsianOptions,3
fAssets,2
fast,1
fastAdaboost,1
fastclime,3
fastcluster,21
fastdigest,4
fastDummies,5
fasterize,7
fastGHQuad,9
FastGP,2
fastICA,8
fastmap,3
fastmatch,25
FastPCS,1
fastStat,1
fasttime,3
FateID,1
fauxpas,6
fBasics,31
fCertificates,1
fclust,1
fCopulae,1
FD,10
fda,48
fda.usc,8
fdadensity,1
fdapace,4
fdasrvf,1
fdatest,1
fdrtool,23
feasts,2
feather,2
feature,1
fExoticOptions,2
fExtremes,4
ff,16
ffbase,2
fftw,6
fftwtools,7
fGarch,17
fgeo.analyze,1
fgeo.plot,1
fgeo.tool,3
fgeo.x,1
Fgmutils,2
fgui,4
fhidata,1
fICA,1
fields,148
fiery,1
filehash,6
filehashSQLite,1
filelock,5
filematrix,1
filenamer,1
filesstrings,6
FinCal,1
finch,2
findpython,2
fingerprint,2
FinTS,1
fishMod,3
fishualize,1
fit.models,2
FitAR,4
FitARMA,1
fitbitScraper,1
fitdistrplus,35
FITSio,3
FKF,2
flashClust,2
flexclust,12
flexdashboard,3
FlexDir,1
flexmix,11
flexpolyline,1
flexsurv,10
flexsurvcure,1
flextable,23
flip,2
float,3
flobr,1
flock,2
flsa,1
flux,4
fma,2
fmdates,1
FME,9
fmsb,4
FMStable,1
fMultivar,3
FNN,58
fontBitstreamVera,1
fontLiberation,1
fontquiver,2
foolbox,1
fOptions,5
forcats,76
foreach,540
forecast,95
ForecastCombinations,1
forecastHybrid,3
forecTheta,1
foreign,68
forestmodel,3
forestplot,11
forge,6
formatR,15
formattable,11
Formula,150
formula.tools,15
fortunes,1
fossil,2
fourierin,1
fpc,19
fpCompare,5
fPortfolio,2
fpow,1
fracdiff,12
fractaldim,1
fractional,2
frailtypack,2
FRAPO,1
freesurferformats,2
freetypeharfbuzz,1
freqdom,3
freqparcoord,1
FrF2,7
FrF2.catlg128,1
FRK,1
fs,57
FSA,1
FSelector,3
fslr,1
fst,7
fstcore,1
fts,1
ftsa,4
fueleconomy,1
functional,15
funData,2
funFEM,1
fungible,1
furniture,1
furrr,27
futile.logger,25
futile.options,3
future,71
future.apply,41
future.batchtools,1
FuzzyAHP,1
fuzzyjoin,3
FuzzyNumbers,8
FuzzyNumbers.Ext.2,1
FuzzyR,1
fuzzyRankTests,1
FWDselect,1
fy,1
G1DBN,1
GA,26
gam,14
gama,1
gamboostLSS,2
GameTheory,2
GameTheoryAllocation,1
gamlr,2
gamlss,21
gamlss.add,1
gamlss.cens,1
gamlss.data,1
gamlss.dist,26
gamlss.tr,2
gamm4,6
GANPA,1
GANPAdata,1
gap,4
gapminder,2
gargle,5
gaston,4
gatepoints,1
gaussquad,2
GB2,2
GBJ,1
gbm,28
gbRd,1
gbutils,4
GCD,1
gcdnet,1
gclus,5
gcookbook,1
GD,1
gdalUtilities,1
gdalUtils,5
gdata,52
GDINA,2
gdistance,16
gdtools,6
gee,17
geeM,2
geepack,20
geigen,5
geiger,20
gelnet,1
gemma2,1
genalg,7
GenBinomApps,2
gender,1
GENEAread,3
GeneralizedHyperbolic,4
GeneralizedUmatrix,2
generics,45
genetics,5
genieclust,1
GenKern,3
genlasso,1
GenomicTools.fileHandler,2
GenOrd,7
GenSA,15
geoaxe,1
geodist,4
geofacet,2
geogrid,1
geojson,1
geojsonio,7
geojsonlint,1
geojsonR,1
geojsonsf,5
geoknife,1
GeoLight,1
GEOmap,7
geomapdata,2
geometa,2
geometry,50
geomorph,5
geonames,1
geoR,6
geoscale,2
geosphere,50
geospt,1
gepaf,1
gert,2
getopt,2
GetoptLong,3
getPass,19
GEVStableGarch,1
ggalluvial,2
GGally,52
ggalt,2
gganimate,5
ggbeeswarm,3
ggcorrplot,4
ggdendro,18
ggdist,2
gge,1
GGEBiplotGUI,1
ggeffects,1
ggExtra,8
ggfittext,7
ggforce,33
ggformula,6
ggfortify,7
gggenes,1
ggimage,1
GGIR,1
ggiraph,3
ggiraphExtra,2
gglasso,5
ggm,12
ggmap,25
ggmcmc,5
ggmosaic,2
GGMridge,1
GGMselect,1
ggnetwork,4
ggnewscale,4
ggparty,2
ggplot2,2041
ggplot2movies,1
ggplotify,6
ggpmisc,3
ggpolypath,1
ggpubr,47
ggraph,19
ggrepel,95
ggridges,24
ggsci,5
ggseas,1
ggseqlogo,3
ggsignif,2
ggsn,2
ggspatial,2
ggstance,6
ggtern,3
ggtext,2
ggthemes,36
ggupset,1
ggvis,4
ggwordcloud,3
gh,10
GHQp,1
ghyp,4
gibble,1
gifski,1
gifti,2
GIGrvg,13
GillespieSSA,1
gistr,5
git2r,22
GJRM,1
glamlasso,1
glasso,32
glassoFast,6
gld,1
GLDEX,1
glinternet,1
glm2,10
glmertree,1
GLMMadaptive,1
glmmML,4
glmmTMB,2
glmnet,238
glmpath,1
glmulti,3
glmx,2
GlobalOptions,4
globalOptTests,1
globals,7
glogis,2
glpkAPI,6
glue,230
Gmedian,3
Gmisc,2
gmm,7
GMMAT,1
gmodels,9
gmp,36
gmt,2
gMWT,1
gnm,11
gnumeric,1
GoFKernel,2
goftest,10
golem,3
googleAnalyticsR,1
googleAuthR,10
googleCloudStorageR,2
googledrive,1
googleLanguageR,1
googlePolylines,4
googlesheets,3
googleVis,7
gower,6
GPareto,2
GPArotation,19
GPfit,4
GpGp,1
gplots,89
GPoM,1
gProfileR,1
gprofiler2,1
gptk,3
gRain,3
GRANCore,1
graphicalVAR,2
graphlayouts,3
graphon,1
graphql,2
GrassmannOptim,1
gRbase,9
GreedyEPL,1
GreedyExperimentalDesignJARs,1
greta,1
greybox,1
grf,2
gridBase,17
gridBezier,2
gridExtra,315
gridGraphics,8
gridGraphviz,1
gridSVG,3
gridtext,1
grImport,2
grImport2,5
grnn,1
groupedstats,1
grplasso,5
grpreg,6
grr,1
GSA,5
gsDesign,2
GSE,2
gsheet,4
gsl,36
gss,6
gstat,31
gsubfn,14
gsw,2
gt,5
gtable,63
gtools,182
gtrendsR,1
GUILDS,1
GUniFrac,1
gunit,1
gvlma,1
gWidgets2,15
gWidgets2RGtk2,6
gWidgets2tcltk,4
GWmodel,2
GWRM,1
h2o,3
haarfisz,1
hal9001,1
hamlet,1
HandTill2001,1
hansard,1
haplo.stats,7
HaploSim,1
hapsim,1
hardhat,5
HardyWeinberg,2
harmonicmeanp,1
HARtools,1
hash,18
hasseDiagram,1
haven,48
hawkes,1
HDCI,1
hdf5r,3
hdi,2
HDInterval,11
hdm,1
HDoutliers,1
hdrcde,9
heatmap.plus,2
heatmaply,4
hellno,7
HelpersMG,2
heplots,2
here,9
hermite,1
het.test,1
hetGP,2
hett,1
hexbin,23
hexSticker,1
hexView,2
hglasso,1
hglm.data,1
HGNChelper,1
HH,4
hht,1
HI,5
HiClimR,2
HiddenMarkov,2
hierfstat,2
hierNet,2
highcharter,3
highfrequency,1
highlight,2
highr,4
hipread,1
HistData,2
histogram,3
histry,1
hitandrun,2
HLMdiag,1
hmeasure,1
Hmisc,182
HMM,4
HMP,1
hms,23
hNMF,1
hnp,2
hoardr,13
homals,1
hommel,3
homtest,1
horseshoe,1
hot.deck,1
hrbrthemes,4
HSAUR2,1
hsphase,1
htmltab,3
htmlTable,11
htmltools,203
htmlwidgets,158
hts,2
httk,1
httpcache,3
httpcode,4
httpRequest,1
httpuv,32
httr,659
huge,13
humaniformat,1
hunspell,5
hurricaneexposure,1
hutils,6
huxtable,2
hwriter,2
HydeNet,1
hydroGOF,5
hydroTSM,2
hyfo,1
HyperbolicDist,2
hypergeo,14
hyperSpec,1
hypervolume,3
ibd,1
ibdreg,3
IBDsim,1
ibr,1
iBreakDown,4
ic.infer,1
iC10TrainingData,1
ica,3
ICC,2
icenReg,6
icensmis,1
ICGE,1
iClick,1
ICS,6
ICSNP,6
ICSOutlier,1
ICsurv,3
ICtest,2
ICV,1
IDPmisc,3
ids,2
iemiscdata,1
igraph,488
igraphdata,3
IHSEP,2
ijtiff,3
imager,23
imagine,1
Imap,2
imbalance,1
imguR,2
iml,2
import,7
imputeLCMD,1
imputeTestbench,2
imputeTS,6
imputeYn,2
inaparc,1
incgraph,1
incidence,2
ineq,14
infer,2
inflection,2
influenceR,1
infotheo,16
ingredients,7
ini,6
inline,11
inlmisc,2
InPosition,2
insight,15
InSilicoVA,1
insol,2
intamap,2
interactions,2
interactionTest,2
intergraph,8
interim,1
interp,9
InterpretMSSpectrum,2
InterSIM,1
InterVA4,1
InterVA5,2
interval,2
intervals,7
intoo,2
inTrees,1
intrval,1
inum,2
investr,2
invgamma,5
iotools,4
ipc,1
ipfp,1
ipmisc,6
ipred,9
iptools,1
IRdisplay,1
IRISSeismic,2
irlba,27
irr,10
irtoys,3
irtProb,1
isdparser,1
IsingFit,4
IsingSampler,3
ISLR,1
ismev,7
Iso,14
isoband,4
ISOcodes,3
IsoGene,1
IsoplotR,1
isotone,7
ISOweek,4
isva,1
ISwR,1
iterators,88
iterpc,4
itertools,12
itsadug,1
ivtools,1
JADE,8
jagsUI,2
janeaustenr,1
janitor,16
JavaGD,5
jdx,1
jetset,1
JGL,3
JGR,3
jiebaR,3
jiebaRD,1
jjb,1
JM,3
jmcm,1
Jmisc,2
jmuOutlier,1
jmvcore,7
joineR,1
joinet,1
joint.Cox,1
jointDiag,2
jointseg,2
jomo,2
jose,3
jpeg,57
jpmesh,2
jqr,4
jrc,2
js,1
jskm,1
jsonify,4
jsonld,2
jsonlite,784
jsonvalidate,4
jstable,1
jtools,2
JuliaCall,4
JWileymisc,1
kableExtra,26
kappalab,6
kde1d,2
kdecopula,1
kedd,5
keep,1
kelvin,1
Kendall,10
keras,10
kerdiest,3
kernelFactory,2
KernelKnn,3
kernlab,51
KernSmooth,66
keyholder,1
keyring,9
KFAS,10
KFKSDS,1
KGode,1
khroma,1
kimisc,3
kinship2,20
kirby21.base,2
kknn,9
klaR,9
km.ci,3
kmed,1
kmer,2
kml,3
KMsurv,4
knitcitations,3
knitr,274
knockoff,1
kohonen,8
kolmim,2
koRpus,2
koRpus.lang.en,1
kpeaks,1
kriging,1
KrigInv,4
ks,37
kSamples,8
KScorrect,1
kstMatrix,1
kubik,2
kutils,3
kyotil,8
kzft,1
L1pack,3
labdsv,5
label.switching,6
labeling,7
labelled,11
labelVector,3
labstatR,1
laeken,7
LaF,4
lagged,2
Lahman,1
LAM,1
lambda.r,1
LambertW,5
lamW,8
landpred,1
landscapemetrics,3
LaplacesDemon,13
LARF,1
lars,39
lasso2,1
lassoshooting,5
latentnet,2
later,9
latex2exp,5
latexpdf,3
lattice,383
latticeExtra,48
LatticeKrig,1
lava,11
lavaan,76
lavaan.survey,1
lawstat,3
lazyData,1
lazyeval,90
lbfgs,3
LCA,1
LCFdata,1
LCMCR,1
lcmm,1
lda,5
ldat,1
ldbod,1
ldbounds,4
LDRTools,2
leafem,3
leaflet,67
leaflet.extras,8
leaflet.minicharts,2
leaflet.providers,1
leafletR,2
leafpm,1
leafpop,2
leafsync,2
leapp,1
leaps,24
LearnBayes,9
learnr,3
leiden,1
lessR,1
lest,1
lexicon,4
lfactors,1
lfda,1
lfe,4
lfstat,1
lgarch,1
lgr,8
lgtdl,2
lhs,33
libcoin,4
LiblineaR,3
LICORS,2
lidR,2
lifecycle,63
liftLRD,1
lightr,1
likert,1
limSolve,26
linbin,1
link2GI,1
linkcomm,1
LinkedMatrix,2
linLIR,1
linprog,4
LINselect,1
lintools,2
lintr,4
LipidMSdata,1
liqueueR,2
lisp,1
lisrelToR,1
listenv,5
listviewer,1
liteq,2
llama,1
lle,3
llogistic,1
lm.beta,2
lmds,2
lme4,203
lmec,1
lmeNBBayes,1
lmeresampler,1
lmerTest,16
lmeSplines,1
lmf,1
lmodel2,2
lmom,9
lmomco,5
Lmoments,4
lmomRFA,1
lmPerm,1
lmtest,73
loa,1
lobstr,1
localgauss,1
locfdr,3
locfit,18
locpol,4
loe,1
log4r,3
logcondens,2
logger,1
logging,7
logistf,6
logitnorm,3
loglognorm,2
logOfGamma,1
logspline,6
lokern,3
lomb,3
longitudinal,2
longitudinalData,5
longmemo,2
LongMemoryTS,1
loo,22
loon,2
lotri,1
lowmemtkmeans,1
lowpassFilter,1
LowRankQP,3
lpdensity,1
LPGraph,1
lpint,1
lpridge,1
lpSolve,62
lpSolveAPI,23
lqmm,4
lqr,2
LS2W,2
LS2Wstat,1
lsa,10
lsbclust,1
LSDinterface,1
lsmeans,1
lspline,1
lsr,3
ltm,17
ltsa,8
lubridate,379
lucid,1
Luminescence,2
lutz,3
lvec,2
lvplot,1
lwgeom,9
MAc,1
machina,1
MAd,3
madness,1
magclass,1
magic,34
magicaxis,6
magick,31
magrittr,1106
mailR,1
MakefileR,1
MALDIquant,2
MALDIquantForeign,1
manhattanly,1
ManifoldOptim,1
manipulate,7
manipulateWidget,2
maotai,1
MAPA,2
mapdata,12
mapdeck,1
mapedit,4
mapproj,17
maps,68
maptools,97
maptree,1
mapview,6
mAr,2
marelac,2
marg,1
markdown,35
marked,1
markovchain,3
marmap,2
MASS,1518
matahari,1
Matching,8
matchingMarkets,1
matchingR,1
MatchIt,5
mathjaxr,2
matlab,19
matlabr,2
matlib,2
matpow,1
Matrix,935
matrixcalc,79
MatrixCorrelation,1
MatrixEQTL,1
MatrixModels,6
matrixNormal,1
matrixStats,127
matrixTests,1
matsbyname,1
maxLik,42
maxnet,4
MaxPro,1
MaxSkew,1
maxstat,3
MazamaCoreUtils,2
MazamaSpatialUtils,2
MBA,11
MBCluster.Seq,1
MBESS,11
mblm,3
MBmca,1
mboost,13
mboxr,1
mc2d,14
mcc,2
mcclust,5
mcGlobaloptim,1
MCI,1
mclogit,1
mclust,87
mcmc,5
MCMCglmm,8
mcmcOutput,1
MCMCpack,73
mcmcplots,3
mcmcr,2
mcmcse,8
mco,8
Mcomp,1
mcompanion,1
MCPAN,3
MCPMod,1
mcprofile,1
mda,11
MDSMap,2
meanShiftR,1
measurements,4
measures,2
measuRing,1
meboot,2
mediation,2
mefa4,2
MEGENA,1
mem,1
memisc,6
memoise,73
memuse,1
merDeriv,1
MESS,4
meta,9
metaBLUE,1
metaBMA,1
metacom,1
metadynminer,1
metafor,38
metap,5
metaplot,1
metaplus,1
metaRNASeq,1
metaSEM,1
MetaUtility,1
meteoland,1
meteor,2
metR,5
Metrics,11
MetricsWeighted,1
metRology,5
mets,2
mfp,2
MFPCA,1
MfUSampler,2
mgarchBEKK,1
mgcv,200
mgm,2
MGRASTer,1
mgsub,2
MHadaptive,4
mhsmm,2
mi,2
mice,36
miceadds,5
micEcon,3
microbenchmark,4
microdemic,1
microseq,1
MIIVsem,1
mime,30
mindr,2
minerva,4
minimalRSD,1
miniUI,62
minpack.lm,55
minqa,21
minval,1
mipfp,2
mirt,19
misc3d,18
miscF,2
miscTools,22
mise,1
missForest,7
missMDA,4
MissMech,1
missRanger,2
mitml,1
mitools,8
mix,3
mixdist,1
mixexp,1
mixlm,1
mixmeta,1
mixor,1
MixSim,2
mixsqp,1
mixtools,11
mixture,4
mize,2
MKdescr,2
MKinfer,1
mlapi,1
mlbench,10
mldr,1
mlearning,1
MLEcens,3
mlegp,4
MLmetrics,6
mlogit,11
mlr,16
mlr3,9
mlr3data,1
mlr3filters,1
mlr3learners,2
mlr3measures,2
mlr3misc,11
mlr3pipelines,2
mlr3tuning,1
mlr3viz,1
mlrCPO,1
mlrMBO,2
mlt,7
mmand,4
mmap,4
mmapcharr,1
mmm,1
mmod,3
MMWRweek,2
mnis,1
MNM,1
mnormt,55
mockery,2
modeest,3
modeldata,2
Modeler,1
ModelMetrics,1
modelObj,2
modelr,5
modeltools,16
MODISTools,1
modopt.matlab,1
modules,3
mombf,1
moments,64
MomTrunc,1
mongolite,3
monitoR,1
moonBook,6
moreparty,1
Morpho,3
MortalitySmooth,3
MortCast,1
mosaic,7
mosaicCore,4
mosaicData,2
move,2
moveHMM,1
movMF,4
mpa,1
mpath,1
MPDiR,1
MplusAutomation,9
mpmi,2
mpoly,3
mpt,1
MPTinR,1
mQTL,1
mratios,2
mrds,4
mrfDepth,1
mrgsolve,1
mrMLM,1
mscstts,1
msgps,3
msigdbr,3
msm,67
msma,1
msme,1
msos,1
MSQC,1
mstate,4
mstR,1
MSwM,1
mtconnectR,1
MTS,4
mtsdi,3
muhaz,4
MultAlloc,1
multcomp,45
multcompView,9
multgee,1
multiApply,4
multichull,1
multicolor,1
multicool,9
multigroup,1
MultiLCIRT,2
multilevel,1
MultinomialCI,1
multiplex,1
multipol,1
multitaper,4
MultivariateRandomForest,1
multiway,2
multiwayvcov,3
MuMIn,10
munsell,3
mutoss,3
mvabund,3
mvbutils,2
mvmesh,2
mvmeta,7
mvMORPH,2
MVN,3
mvna,1
mvnfast,20
mvnormtest,4
mvoutlier,2
mvp,1
mvQuad,4
mvrtn,1
mvSLOUCH,1
mvtnorm,629
mvtsplot,1
mycor,1
Myrrixjars,1
n1qn1,1
nabor,10
NADA,1
nadiv,2
NAEPprimer,1
naivebayes,1
nakagami,1
NAM,1
naniar,3
NanoStringNorm,1
nanotime,2
naptime,1
nardl,1
narray,2
nasaweather,1
nat,4
nat.utils,1
natserv,1
naturalsort,4
NatureSounds,3
NbClust,7
nbpMatching,4
ncbit,1
ncdf4,41
ncmeta,2
NCmisc,1
ncvreg,21
ndjson,1
neldermead,3
NetIndices,1
netmeta,2
NetPreProc,1
netrankr,1
network,62
NetworkComparisonTest,1
networkD3,14
networkDynamic,9
NetworkToolbox,3
networktools,1
neuralnet,12
NeuralNetTools,3
neurobase,5
Newdistns,1
nFactors,2
ngram,2
ngramrr,1
NHPoisson,1
nimble,4
nipals,1
NISTunits,1
NlcOptim,4
nleqslv,51
nlist,2
nlme,223
nlmeU,1
nlmrt,1
nloptr,79
NLP,23
nls.multstart,1
nls2,6
nlshrink,1
nlsr,2
nlstools,2
nlt,3
NMF,8
NMOF,3
nnet,135
nngeo,1
nnls,33
nodbi,1
NoiseFiltersR,1
NominalLogisticBiplot,1
nomnoml,1
nomogramFormula,1
NonCompart,2
nonlinearTseries,2
nonnest2,2
nonparaeff,1
nontargetData,1
nor1mix,6
norm,8
NormalLaplace,1
normalp,5
nortest,27
Nozzle.R1,1
np,28
nparcomp,1
NPCD,1
NPflow,2
nplr,1
npmlreg,1
npmv,1
npregfast,2
npsm,1
nsga2R,3
nsprcomp,1
nsRFA,1
nullabor,1
numbers,14
numDeriv,220
nycflights13,2
oaColors,1
oai,4
Oarray,1
OasisR,1
objectSignals,2
oce,5
oceanmap,1
odbc,5
ODEnetwork,1
officer,29
OjaNP,1
ompr,1
ontologyIndex,4
ontologyPlot,1
ontologySimilarity,1
oompaBase,11
oompaData,2
opalr,1
openair,6
opencpu,1
openCR,1
OpenImageR,3
OpenMx,12
openNLP,3
openNLPdata,1
openssl,56
OpenStreetMap,3
openxlsx,55
operator.tools,1
operators,2
optextras,3
OptimalCutpoints,1
optimbase,6
optimization,1
optimParallel,3
optimr,5
optimsimplex,1
optimx,46
optiscale,1
optiSolve,2
optparse,5
optrees,1
orca,1
ORCME,1
ordinal,8
OrdinalLogisticBiplot,1
ordinalNet,2
OrdNor,1
ore,6
orgutils,1
ORIClust,1
origami,3
orloca,2
orloca.es,1
oro.dicom,7
oro.nifti,26
orthogonalsplinebasis,2
orthopolynom,23
OSCV,1
osDesign,2
osmdata,2
osqp,3
osrm,1
ouch,2
outliers,11
overlap,1
overlapping,1
oz,1
pack,2
packcircles,1
packrat,3
pacman,4
pacotest,1
padr,2
PAFit,1
pagedown,3
pageviews,1
paintmap,1
PairedData,2
pairwiseComparisons,1
PakPC2017,1
palasso,2
paleotree,1
paletteer,2
palinsol,1
palr,1
pals,2
pammtools,1
pamr,6
pan,1
pander,27
pangaear,1
papeR,2
paradox,8
parallelDist,3
parallelMap,14
parameters,11
ParamHelpers,13
paramlink,4
params,1
parfm,1
parmigene,4
parsedate,7
parsetools,1
parsnip,10
partialAR,1
partitions,26
partools,2
party,25
partykit,38
parzer,1
passport,1
pastecs,8
patchwork,21
pathfindR.data,1
PAutilities,1
paws,1
paws.analytics,1
paws.application.integration,1
paws.common,11
paws.compute,1
paws.cost.management,1
paws.customer.engagement,1
paws.database,1
paws.machine.learning,1
paws.management,1
paws.networking,1
paws.security.identity,1
paws.storage,1
pbapply,99
pbatR,1
pbdMPI,3
pbdSLAP,1
pbdZMQ,2
PBImisc,1
pbivnorm,16
pbkrtest,12
pbmcapply,10
pBrackets,1
pbs,1
PBSddesolve,2
PBSmapping,9
PBSmodelling,3
pca3d,2
pcalg,7
PCAmixdata,2
pcaPP,30
PCDimension,2
pch,3
PCICt,4
PCMBase,2
PCovR,2
pcse,1
pdc,1
pdfCluster,1
pdftools,14
pdist,20
pdp,6
PDQutils,1
PDSCE,2
PeakError,1
PearsonDS,6
pec,6
pedgene,1
pedigree,3
pedmut,2
pedometrics,2
pedprobr,1
pedtools,4
pegas,11
penalized,14
penalizedLDA,1
penalizedSVM,1
penaltyLearning,2
peperr,1
Peptides,2
PerfMeas,1
performance,4
PerformanceAnalytics,15
perm,3
PermAlgo,1
PerMallows,2
permutations,2
permute,22
perry,1
pesel,1
petrinetR,2
pgdraw,2
pgirmess,1
pgmm,1
pgnorm,1
pGPx,1
phangorn,34
Phase123,1
pheatmap,31
phenex,1
pheno,1
phia,3
philentropy,1
phonTools,6
photobiology,9
photobiologyWavebands,2
phyclust,2
phyext2,1
phylobase,9
phylocomr,1
phylogram,3
phylolm,5
PhyloMeasures,1
phylotate,1
PhysicalActivity,1
phytools,29
picante,9
picasso,1
pillar,18
pingr,5
pins,3
pinyin,1
pipeR,6
pixiedust,2
pixmap,8
PK,1
pkgbuild,11
pkgcache,1
pkgcond,1
pkgconfig,6
pkgdown,1
pkgfilecache,2
pkgKitten,1
pkgload,8
pkgmaker,1
pkgsearch,1
PKI,1
PKNCA,2
pkr,1
pks,1
PlackettLuce,2
plantecophys,1
PlayerRatings,1
plgp,2
plink,1
plm,16
plot3D,34
plot3Drgl,5
plotdap,1
plotfunctions,1
plotKML,5
plotly,144
plotmo,1
plotrix,110
plotROC,3
plotwidgets,3
pls,40
plsgenomics,1
plsRcox,1
plsRglm,2
plumber,2
plus,2
plyr,660
PMA,4
PMCMR,1
PMCMRplus,2
pmml,2
pmr,1
png,104
POET,2
PogromcyDanych,1
poibin,6
PoiClaClu,1
poilog,1
poisbinom,2
PoisNonNor,1
PoisNor,1
poisson,1
PoissonBinomial,1
poLCA,5
polite,1
polspline,7
Polychrome,2
polyclip,9
polycor,15
polyCub,2
polylabelr,1
polynom,31
PolynomF,7
polysat,1
polySegratio,1
pomp,1
pooh,1
popdemo,1
PopED,1
PopGenReport,1
poppr,1
PortfolioEffectHFT,1
postlogic,1
powdist,1
poweRlaw,4
powerMediation,1
PowerTOST,2
PP,2
ppcor,7
pps,1
prabclus,1
pracma,179
praise,3
praznik,1
pre,1
PreciseSums,1
precrec,2
predict3d,1
prediction,4
prefmod,1
prereg,1
PresenceAbsence,5
prettycode,4
prettydoc,3
prettyGraphs,5
prettymapr,3
prettyR,1
prettyunits,12
PrevMap,1
prevtoinc,1
prim,1
princurve,5
prismatic,2
prob,1
ProbYX,1
pROC,56
processmapR,2
processx,26
prodlim,22
productplots,1
profile,1
ProfileLikelihood,3
profileModel,2
profmem,1
profr,1
proftools,2
profvis,1
progress,93
progressr,11
PROJ,1
proj4,6
promises,9
propagate,1
PropCIs,4
prophet,3
propr,1
PROscorerTools,1
prospectr,1
proto,12
protoclust,1
protolite,2
protr,1
provParseR,2
provSummarizeR,1
provViz,1
proxy,31
proxyC,4
PRROC,5
pryr,25
ps,2
PSAgraphics,2
PSCBS,3
pscl,21
psd,2
pseudorank,1
PSF,3
pso,10
pspearman,2
pspline,10
pssm,1
psy,1
psych,125
psycho,5
psychometric,2
psychotools,9
psychotree,1
psychrolib,1
psychTools,2
PTAk,1
ptinpoly,2
ptw,6
PTXQC,1
Publish,1
pubmedR,1
purrr,702
purrrlyr,2
pvclust,5
PWEALL,1
pwr,11
pwt,1
pxR,1
pxweb,1
pyinit,1
PythonInR,1
qap,1
QCA,4
qcc,5
qdap,1
qdapDictionaries,2
qdapRegex,7
qdapTools,3
qgam,3
qgraph,25
qicharts,1
qlcMatrix,4
qmap,3
qpcR,2
qpdf,3
qqman,4
qqplotr,2
qrcm,1
qrcode,1
qrng,6
qs,3
qte,1
qtl,27
QTL.gCIMapping,1
qtl2,2
qtlnet,1
Qtools,1
quadmesh,2
quadprog,110
qualityTools,1
qualV,2
Quandl,5
quanteda,16
quantmod,30
QuantPsyc,2
quantreg,95
quantregForest,1
queryparser,1
questionr,3
quickPlot,4
qvcalc,4
R.cache,16
R.devices,5
R.filesets,5
R.huge,1
R.matlab,14
R.methodsS3,26
R.oo,21
R.rsp,1
R.utils,101
R2admb,3
r2d3,4
r2dii.data,1
R2HTML,15
R2jags,19
R2WinBUGS,3
r4ss,1
R6,292
R62S3,1
r6extended,1
radarchart,1
RadData,1
radiant.basics,2
radiant.data,5
radiant.design,1
radiant.model,2
radiant.multivariate,1
radiomics,1
RadioSonde,1
rags2ridges,1
rainbow,6
rainfarmr,2
rAmCharts,2
ramcmc,1
ramify,1
randnet,3
random,3
randomcoloR,6
RandomFields,16
RandomFieldsUtils,5
randomForest,123
randomForestSRC,5
randomizeR,1
randomizr,6
randomNames,2
randtests,2
randtoolbox,33
RandVar,9
ranger,43
RankAggreg,4
rankdist,1
RANN,28
RApiSerialize,3
rappdirs,59
rapportools,4
rARPACK,16
raster,359
rasterImage,2
rasterVis,11
Rata,1
ratelimitr,3
rattle,3
rayimage,2
rayshader,1
rBayesianOptimization,1
rbenchmark,3
rBeta2009,1
rbi,1
rbison,1
RBMRB,1
rbokeh,4
Rborist,2
Rcapture,2
RCarb,1
rcbalance,3
rcbsubset,1
rccmisc,1
rcdd,9
rcdk,2
rcdklibs,1
RCEIM,2
Rcgmin,1
rChoiceDialogs,2
RCircos,1
rclipboard,1
rcmdcheck,4
Rcmdr,46
RcmdrMisc,9
RColorBrewer,334
rcompanion,1
RConics,1
rcorpora,1
Rcplex,1
Rcpp,1971
RcppAlgos,1
RcppAnnoy,2
RcppArmadillo,19
RcppBDT,1
RcppCCTZ,1
RcppClassic,1
RcppCWB,2
RcppDE,1
RcppEigen,8
RcppFaddeeva,1
RcppMsgPack,1
RcppNumerical,4
RcppParallel,56
RcppProgress,17
RcppRoll,14
RcppThread,1
RcppTN,2
RcppTOML,2
RcppXPtrUtils,3
RcppZiggurat,2
rcrossref,4
Rcsdp,3
RCSF,1
RCurl,195
Rd2roxygen,1
rdd,1
rdetools,1
rdist,2
RDML,1
rDNAse,1
Rdpack,182
rdrobust,3
RDS,1
Rdsdp,2
reactable,2
reactR,1
ReacTran,2
readbitmap,7
readBrukerFlexData,1
reader,2
readHAC,1
readJDX,3
readMzXmlData,2
readODS,6
readr,290
readstata13,2
readtext,1
readxl,99
Rearrangement,1
REAT,1
rebird,1
rebus.base,4
rebus.datetimes,1
rebus.numbers,1
rebus.unicode,1
recipes,15
recommenderlab,2
recosystem,1
reda,1
REddyProc,1
redland,2
redux,1
RefManageR,6
refund,3
reghelper,1
registry,6
regpro,2
regsem,1
regtools,2
rehh,1
rehh.data,1
ReinforcementLearning,1
ReIns,1
relaimpo,3
relations,5
relevent,1
reliaR,3
relimp,4
relsurv,3
rematch,3
rematch2,12
remotes,14
Renext,3
rentrez,6
renv,1
RepeatedHighDim,1
repmis,4
reportr,3
repr,6
reprex,1
reproducible,4
reproj,6
reqres,3
rerddap,2
reshape,94
reshape2,461
ResistorArray,1
ResourceSelection,3
respirometry,1
restfulr,1
reticulate,62
revdbayes,2
revgeo,1
rex,6
Rfast,23
Rfast2,3
rfigshare,1
rfishbase,2
Rfit,7
RFOC,1
rfPermute,1
Rgb,1
rgbif,5
RGCCA,2
rgdal,202
RGENERATE,1
rgenoud,15
rgeos,132
rgl,175
Rglpk,25
RgoogleMaps,11
rgrass7,3
RGtk2,9
rhandsontable,27
rhli,1
rhoR,1
RhpcBLASctl,4
ribd,1
riceidconverter,1
ridigbio,1
RiemBase,3
RiemBaseExt,2
riingo,1
RImageJROI,2
ring,1
RInside,1
rintrojs,9
rio,15
rioja,1
Rirt,2
riskRegression,1
risksetROC,1
RISmed,2
ritis,1
RItools,2
rivernet,1
riverplot,1
rjags,68
rJava,115
RJDBC,5
RJDemetra,3
rje,5
rJPSGCS,1
RJSDMX,1
rjson,81
RJSONIO,43
rjstat,2
rJython,2
rkafkajars,1
RKEAjars,1
RKEELdata,1
RKEELjars,1
rkt,2
Rlab,4
Rlabkey,2
rLakeAnalyzer,1
rlang,823
rlas,1
rlecuyer,7
Rlibeemd,1
Rlinsolve,1
rlist,44
RLRsim,7
RLumShiny,1
rly,3
RMallow,1
Rmalschains,1
rmapshaper,3
RMariaDB,3
RMark,2
rmarkdown,188
RMAWGEN,3
rmcfs,1
rmdpartials,1
rmeta,6
rmgarch,1
rminer,1
Rmisc,4
Rmixmod,4
RMixtCompIO,1
RMixtCompUtilities,1
RMOAjars,1
rMorningStar,1
Rmpfr,28
Rmpi,4
rMR,1
rms,48
rmsfact,2
RMTstat,3
rmumps,2
rmutil,11
RMySQL,13
rnaturalearth,4
rnaturalearthdata,1
RNCEP,1
rncl,2
rneos,2
RNetCDF,7
RNetLogo,1
RNewsflow,1
RNeXML,1
rngtools,4
rngWELL,1
RNifti,9
RNiftyReg,3
rnoaa,1
rnrfa,1
ROAuth,1
RobAStBase,4
RobAStRDA,1
robcbi,1
robCompositions,2
robcor,2
robeth,1
robets,1
RobLox,1
robotstxt,2
robumeta,1
robust,3
robustbase,106
RobustGaSP,2
robustHD,4
RobustRankAggreg,1
robustX,1
ROCit,1
rockchalk,3
ROCR,53
RODBC,12
ROI,24
ROI.plugin.ecos,1
ROI.plugin.glpk,2
ROI.plugin.lpsolve,1
ROI.plugin.quadprog,1
roll,2
roloc,1
Rook,2
rootSolve,58
roperators,1
roprov,2
ROptEst,1
ROptEstOld,1
ROptRegTS,1
ROptSpace,2
ROracle,1
ROSE,1
rosm,3
rosqp,1
rosr,1
rotationForest,1
rotl,1
RoughSets,1
routr,1
roxygen2,19
rpanel,14
rpart,110
rpart.plot,14
Rpdb,1
RPEGLMEN,1
RPEIF,2
rpf,1
rpivotTable,6
rplos,1
RPMG,7
rpms,1
rpostgis,1
RPostgres,3
RPostgreSQL,12
rPref,3
rprojroot,23
RProtoBuf,2
RPtests,2
rptR,1
RPushbullet,1
rqdatatable,2
rquery,3
rrBLUP,7
rrcov,25
rrcovHD,1
rredlist,1
rrepast,1
RRF,2
rriskDistributions,1
RRNA,2
RRPP,1
rrtable,2
RSAGA,3
rsample,10
RSCABS,1
rscala,3
rsconnect,2
rscontract,1
rscopus,1
RSDA,1
rsdmx,5
RSEIS,6
RSelenium,6
rsem,1
Rserve,1
RSGHB,1
RSiena,1
rslurm,1
rsm,6
RSNNS,3
Rsolnp,44
rsolr,1
rsparse,1
RSpectra,46
RSQLite,78
Rssa,3
RSSL,2
rstack,2
rstackdeque,2
rstan,81
rstanarm,3
rstantools,37
rstatix,1
rstiefel,2
rstpm2,2
rstream,1
rstudioapi,139
rsvd,5
rsvg,8
Rsymphony,2
rSymPy,2
Rtauchen,1
rtdists,1
rtematres,1
rTensor,6
rtext,1
rtf,6
rticles,3
rtiff,1
rtkore,3
rtop,1
RTransferEntropy,1
RTriangle,3
rts,1
Rtsne,22
Rttf2pt1,1
rtweet,4
rugarch,5
RUnit,10
runjags,11
Runuran,2
rust,3
ruv,1
Rvcg,4
rvcheck,4
rversions,2
rvertnet,1
rvest,116
rvg,5
rvinecopulib,3
Rvmmin,1
Rwave,1
rwavelet,1
RWeka,10
RWekajars,2
RWiener,1
rworldmap,10
rworldxtra,2
rwt,1
RxODE,1
Ryacas,2
RYoudaoTranslate,1
s20x,2
s2dv,1
s2dverification,1
s4vd,1
SACCR,1
sadists,1
sads,1
sae,1
saemix,1
saeRobust,1
safer,1
salso,2
SAM,3
sampleSelection,4
sampling,14
SamplingBigData,1
samplingVarEst,2
samr,1
sandwich,98
sarima,1
sas7bdat,2
SAScii,1
sass,3
SASxport,2
satellite,1
sbl,2
sbtools,1
scales,363
scalreg,5
scam,6
scatterD3,2
scatterpie,1
scatterplot3d,46
scclust,2
scdensity,1
scDIFtest,1
SCEPtER,1
sciplot,2
SciViews,1
SCMA,2
scoringRules,3
ScottKnott,1
scrapeR,1
scrm,1
SCRT,3
scs,2
sctransform,1
SCVA,1
sda,2
sdcHierarchies,1
sdcTable,1
sde,8
sdprisk,1
sdpt3r,1
SDraw,1
seacarb,2
searcher,2
seas,1
season,1
seasonal,5
secr,5
see,1
SEER2R,1
SeerMapper,1
SeerMapper2010East,1
SeerMapper2010Regs,1
SeerMapper2010West,1
SeerMapperEast,1
SeerMapperRegs,1
SeerMapperWest,1
seewave,13
seg,1
segmented,7
seismicRoll,2
SEL,1
SelectBoost,1
selectiveInference,2
selectr,5
sem,8
semiArtificial,1
SemiPar,3
SemNetDictionaries,1
semPlot,7
semTools,3
semver,2
sendmailR,3
sensitivity,7
sensitivity2x2xk,2
sensitivityfull,1
sensitivitymult,2
sensitivitymv,3
senstrat,2
separationplot,2
seqinr,40
seqminer,4
SeqNet,1
seqRFLP,1
Sequential,1
serial,1
seriation,14
servr,6
sessioninfo,8
set,3
set6,1
setRNG,7
sets,14
settings,7
Seurat,3
sf,183
sfa,1
sfheaders,4
sfsmisc,33
sgeostat,4
sglOptim,1
sgt,1
shades,2
shadowtext,2
shape,26
shapefiles,6
shapes,10
shazam,2
shiny,564
shiny.semantic,1
shinyAce,20
shinyalert,4
shinyBS,45
shinybusy,3
shinycssloaders,25
shinycustomloader,1
shinydashboard,68
shinydashboardPlus,9
shinyFeedback,2
shinyFiles,9
shinyglide,1
shinyhelper,1
shinyjqui,3
shinyjs,95
shinyMatrix,5
shinystan,2
shinytest,2
shinythemes,36
shinyTime,1
shinyTree,1
shinyWidgets,47
shotGroups,1
showimage,1
showtext,4
showtextdb,1
shrink,1
SHT,1
siar,1
sig,1
sigclust,1
sigmoid,2
signal,44
sigr,1
silicate,3
Sim.DiffProc,1
simcdm,2
SimComp,1
simctest,1
simex,3
simmer,2
SimMultiCorrData,1
simpleboot,4
simplegraph,1
SimplicialCubature,3
SimRVPedigree,1
simsalapar,2
simts,2
SingleCaseES,1
sirad,1
sirt,6
SIS,3
sitar,1
sitree,1
SiZer,2
sjlabelled,11
sjmisc,5
sjPlot,1
sjstats,4
SKAT,10
SkewHyperbolic,2
skewt,2
skimr,4
skmeans,1
slam,48
SLC,1
sld,1
slider,3
slippymath,5
sm,18
smaa,1
smacof,8
SmartEDA,1
SmarterPoland,1
smatr,1
smbinning,1
smcfcs,1
smcure,1
smds,1
smerc,1
smfsb,1
smoof,8
smooth,1
smoother,3
smoothie,1
smoothmest,3
smoothr,1
smoothSurv,2
smotefamily,2
SMPracticals,1
SMR,1
SMVar,1
sn,34
sna,38
snakecase,9
SNFtool,1
snow,18
SnowballC,27
snowfall,30
snowFT,1
SNPassoc,2
SNPknock,1
sns,1
SocialNetworks,1
SoDA,1
sodium,6
softImpute,4
soilDB,1
soiltexture,2
solaR,1
solartime,2
solrium,2
som,8
soma,1
SOMbrero,1
someMTP,1
sommer,3
sortable,1
sos,3
sourcetools,1
sp,517
spacesRGB,1
spacesXYZ,2
spacetime,18
spacyr,1
SpaDES.addins,1
SpaDES.core,2
SpaDES.tools,2
spam,29
spaMM,3
spanel,1
sparcl,2
sparkline,2
sparklyr,14
sparklyr.nested,1
sparr,3
sparsebnUtils,3
SparseGrid,2
sparseinv,3
sparseLDA,3
SparseM,26
sparseMVN,4
sparsenet,1
sparsepca,2
sparsesvd,3
SPAtest,1
spatial,2
spatialCovariance,1
spatialEco,1
SpatialEpi,2
spatialfil,1
SpatialNP,2
spatialreg,6
SpatialTools,3
SpATS,1
spatstat,87
spatstat.data,1
spatstat.utils,12
spbabel,2
spBayes,2
spc,2
spcosa,1
spcov,1
spd,2
spData,5
spdep,56
speaq,2
spec,2
SPECIES,1
SpecsVerification,2
speedglm,14
SPEI,1
spelling,1
spex,1
spgwr,3
sphereplot,3
SphericalCubature,1
spiderbar,1
spikeslab,1
splancs,33
splines2,4
splitstackshape,7
spls,6
splus2R,3
splusTimeDate,2
splusTimeSeries,1
spMaps,1
spocc,5
spork,1
SPOT,2
spray,2
SPREDA,1
SPSL,1
spsurvey,1
spThin,3
spTimer,2
sqldf,26
SqlRender,1
SQN,1
SQUAREM,7
squash,2
sROC,1
srvyr,2
ssanv,5
SSBtools,3
ssh,2
ssize.fdr,1
ssmn,1
SSN,3
ssym,3
st,2
stable,1
stabledist,14
stabs,4
StAMPP,1
standardize,1
StanHeaders,4
STAR,2
stargazer,6
stars,9
startup,1
startupmsg,13
stationery,1
statip,2
StatMatch,4
statmod,79
statnet,1
statnet.common,17
StatRank,1
statsExpressions,1
stdReg,1
steadyICA,1
steepness,1
stepR,3
StepwiseTest,1
stevedore,1
sticky,1
stinepack,2
stlplus,2
stm,5
stochvol,4
stoichcalc,1
stopwords,4
storr,5
stplanr,1
strap,1
stratification,1
StratigrapheR,1
stream,1
streamR,2
strex,2
stringb,2
stringdist,39
stringfish,1
stringi,203
stringr,956
striprtf,2
strucchange,19
styler,4
subplex,10
sunburstR,1
suncalc,1
sundialr,1
superbiclust,1
SuperLearner,11
superpc,2
SuppDists,10
support.BWS,1
support.CEs,1
survAUC,4
survC1,3
SurvCorr,1
surveillance,2
survey,57
surveybootstrap,1
surveyplanning,1
survIDINRI,1
survival,545
survivalROC,2
survJamda.data,1
survminer,9
survMisc,1
survPresmooth,2
survRM2,6
sutteForecastR,1
svcm,1
svd,6
svDialogs,7
svglite,10
svgPanZoom,1
svGUI,2
svgViewR,2
svMisc,10
svmpath,2
svUnit,3
swagger,2
sweep,1
sweidnumbr,1
swfscMisc,3
swirl,1
switchr,2
SWMPr,1
sybil,10
sylly,2
sylly.en,1
symbolicDA,1
symDMatrix,1
symmoments,1
synchronicity,2
SYNCSA,1
Synth,1
synthpop,1
sys,14
sysfonts,7
systemfit,11
systemfonts,3
syuzhet,3
tab,1
table1,2
tableone,5
tables,4
tableschema.r,1
tabshiftr,1
tabulizer,1
tabulizerjars,1
tabuSearch,1
tagcloud,2
TailRank,1
TAM,2
Tariff,1
taRifx,1
tau,4
taxa,2
taxize,13
taxlist,1
tbart,2
tbl2xts,1
tcltk2,30
tcR,1
TDA,2
tdigest,2
tdROC,1
tea,1
TeachingDemos,16
TeachingSampling,2
tealeaves,1
teigen,1
telegram.bot,1
tensor,14
tensorA,5
tensorflow,15
tensorr,1
tensr,2
tergm,3
tergmLite,1
term,3
Ternary,4
terrainmeshr,2
TESS,1
TestDataImputation,1
tester,2
testit,8
testthat,77
TExPosition,1
texPreview,1
texreg,8
text2speech,2
text2vec,5
textcat,1
textclean,6
textir,1
textreadr,3
textshape,5
textstem,2
textutils,5
tfdatasets,1
tfestimators,1
TFisher,1
tfplot,4
tframe,16
tframePlus,7
tfruns,4
tfse,2
tgp,7
tgram,1
TH.data,3
thief,1
threejs,4
ThreeWay,4
threewords,1
Thresher,1
tibble,831
tibbletime,3
tictoc,9
tidybayes,3
tidyBF,2
tidycensus,1
tidygraph,15
tidyhydat,1
tidyjson,1
tidypredict,1
tidyquant,2
tidyr,727
tidyRSS,2
tidyselect,124
tidytext,12
tidytidbits,1
tidytree,1
tidyverse,31
tidyxl,1
tiff,16
tiger,1
tigger,1
tightClust,1
tigreBrowserWriter,1
tigris,6
tikzDevice,2
timeDate,36
timereg,5
timeROC,2
timeSeries,27
timetk,7
TimeWarp,2
TIMP,1
tinytest,2
tinytex,8
tippy,1
tis,4
titanic,2
tkrplot,40
tkRplotR,1
TLMoments,1
tlrmvnmvt,3
tm,56
tm.plugin.alceste,1
tm.plugin.europresse,1
tm.plugin.factiva,1
tm.plugin.lexisnexis,1
tmap,4
tmaptools,2
TMB,12
TmCalculator,1
tmcn,2
tmg,1
tmle,3
tmod,1
tmvmixnorm,1
tmvnsim,1
tmvtnorm,30
tnet,4
tokenbrowser,2
tokenizers,10
tolerance,5
toOrdinal,3
topicmodels,7
TopKLists,1
topmodel,2
tourr,1
TPEA,1
TPmsm,1
tpr,1
trackeR,1
TrackReconstruction,1
trade,1
Trading,2
traipse,1
traits,1
trajectories,1
tram,3
TraMineR,8
transport,3
trapezoid,1
tree,8
TreeBUGS,1
treeClust,3
TreeDist,1
treemap,5
TreeSim,6
TreeTools,4
trekcolors,1
trend,1
triangle,14
triebeard,2
trip,2
tripack,1
TripleR,1
TruncatedNormal,2
truncdist,13
truncnorm,54
truncreg,4
truncSP,2
trust,14
trustOptim,2
tsBSS,1
TSdbi,9
tsDyn,3
tseries,44
tseriesChaos,3
tsfeatures,2
TSHRC,1
tsibble,12
tsibbledata,1
tsModel,2
tsna,1
tsne,1
tsoutliers,1
TSP,11
TSPred,1
TSsql,4
tsutils,1
TTR,12
ttutils,3
tune,1
TunePareto,2
tuneR,25
tuple,1
turboEM,3
TurtleGraphics,1
tvthemes,1
twang,4
tweedie,5
tweenr,3
twiddler,1
twitteR,1
txtplot,1
txtq,2
ucminf,13
UCSCXenaTools,1
udapi,1
udpipe,4
udunits2,3
ufs,4
umap,3
unbalanced,4
unglue,1
uniformly,1
unikn,1
uniReg,1
units,30
universals,4
univOutl,1
unix,1
unjoin,2
unmarked,5
UpSetR,6
urca,17
urlshorteneR,1
urltools,21
uroot,2
UScensus2010,1
usdata,1
usdm,1
useful,2
usefun,1
usethis,39
utf8,6
utile.tools,1
utility,1
uuid,43
uwot,4
V8,36
validate,6
vapour,1
varbvs,1
variables,7
VarianceGamma,1
varImp,1
vars,13
VarSelLCM,1
VCA,3
vcd,14
vcdExtra,2
vctrs,51
vegan,106
vegan3d,2
vegawidget,1
vegdata,2
velociraptr,1
venn,1
VennDiagram,17
venneuler,1
verification,2
versions,1
vertexenum,1
VGAM,61
VIM,5
VineCopula,9
vines,1
vioplot,4
vip,1
vipor,1
viridis,77
viridisLite,37
virtualspecies,1
visdat,3
visNetwork,35
vistributions,1
vortexRdata,1
vosonSML,1
vpc,1
vroom,6
VSURF,1
vtreat,1
VWPre,1
waiter,1
warbleR,2
warp,1
WaveletComp,1
wavelets,6
wavemulcor,1
waveslim,11
wavethresh,18
wavScalogram,1
wbstats,1
wCorr,1
WDI,2
wdm,1
wdman,4
weathermetrics,2
webchem,1
webdriver,2
webmockr,2
webp,1
webshot,14
websocket,3
webutils,3
WeightedCluster,2
WeightIt,2
weightr,1
weights,8
wellknown,2
WeMix,1
wesanderson,7
wgaim,1
WGCNA,10
whisker,35
whoami,5
wicket,2
widgetframe,1
widyr,2
WikidataR,1
WikipediR,4
wikitaxa,2
withr,72
wk,2
wnominate,1
wordcloud,22
wordcloud2,2
wordspace,1
workflows,3
WorldFlora,1
worrms,1
wpp2012,1
wpp2015,1
wpp2017,1
wpp2019,4
wrapr,8
wrassp,1
writexl,13
WriteXLS,6
wrMisc,2
WRS2,4
wrswoR,2
wyz.code.offensiveProgramming,3
x12,1
x13binary,3
xaringan,5
XBRL,1
xergm.common,2
xesreadR,1
xfun,19
xgboost,28
XLConnect,6
xlsx,24
xlsxjars,4
Xmisc,1
XML,224
xml2,303
XML2R,2
xmlparsedata,3
xmlrpc2,1
XMRF,1
xopen,1
xplorerr,2
XR,3
XRJulia,1
xslt,2
xtable,108
xts,124
yacca,1
yaImpute,5
yaml,120
yardstick,7
yarrr,1
ycinterextra,1
yesno,3
ymlthis,3
ypr,1
yuima,3
yum,4
zCompositions,2
zeallot,9
zen4R,2
ZIM,1
zip,24
zipfR,6
zoo,317
zoom,1
ztable,4
zyp,3
